-- phpMyAdmin SQL Dump
-- version 5.2.1
-- https://www.phpmyadmin.net/
--
-- Servidor: 127.0.0.1:3306
-- Tiempo de generación: 02-12-2025 a las 11:49:09
-- Versión del servidor: 8.3.0
-- Versión de PHP: 8.2.18

SET SQL_MODE = "NO_AUTO_VALUE_ON_ZERO";
START TRANSACTION;
SET time_zone = "+00:00";


/*!40101 SET @OLD_CHARACTER_SET_CLIENT=@@CHARACTER_SET_CLIENT */;
/*!40101 SET @OLD_CHARACTER_SET_RESULTS=@@CHARACTER_SET_RESULTS */;
/*!40101 SET @OLD_COLLATION_CONNECTION=@@COLLATION_CONNECTION */;
/*!40101 SET NAMES utf8mb4 */;

--
-- Base de datos: `judo_proyect_db`
--
CREATE DATABASE IF NOT EXISTS `judo_proyect_db` DEFAULT CHARACTER SET utf8mb4 COLLATE utf8mb4_0900_ai_ci;
USE `judo_proyect_db`;

-- --------------------------------------------------------

--
-- Estructura de tabla para la tabla `competitions`
--

DROP TABLE IF EXISTS `competitions`;
CREATE TABLE IF NOT EXISTS `competitions` (
  `id` int NOT NULL AUTO_INCREMENT,
  `name` varchar(255) NOT NULL,
  `type` enum('Grand Slam','Grand Prix','World Championships','Junior','Cadet','Other') NOT NULL,
  `city` varchar(255) DEFAULT NULL,
  `country` varchar(100) DEFAULT NULL,
  `temp` year DEFAULT NULL,
  `note` decimal(2,1) DEFAULT NULL,
  PRIMARY KEY (`id`)
) ENGINE=InnoDB AUTO_INCREMENT=46 DEFAULT CHARSET=utf8mb4 COLLATE=utf8mb4_0900_ai_ci;

--
-- Volcado de datos para la tabla `competitions`
--

INSERT INTO `competitions` (`id`, `name`, `type`, `city`, `country`, `temp`, `note`) VALUES
(1, 'Paris Grand Slam 2025', 'Grand Slam', 'Paris', 'France', '2025', 4.0),
(2, 'Baku Grand Slam 2025', 'Grand Slam', 'Baku', 'Azerbaijan', '2025', 2.0),
(3, 'Tashkent Grand Slam 2025', 'Grand Slam', 'Tashkent', 'Uzbekistan', '2025', 5.0),
(4, 'Grand Prix Upper Austria 2025', 'Grand Prix', 'Linz', 'Austria', '2025', 1.0),
(5, 'Tbilisi Grand Slam 2025', 'Grand Slam', 'Tbilisi', 'Georgia', '2025', 3.0),
(6, 'Dushanbe Grand Slam 2025', 'Grand Slam', 'Dushanbe', 'Tajikistan', '2025', 4.0),
(7, 'Qazaqstan Barysy Grand Slam 2025', 'Grand Slam', 'Astana', 'Kazakhstan', '2025', 2.0),
(8, 'OTP Bank World Senior Championships 2025 Individuals', 'World Championships', 'Budapest', 'Hungary', '2025', 5.0),
(9, 'OTP Bank World Senior Championships 2025 Mixed Teams', 'World Championships', 'Budapest', 'Hungary', '2025', 1.0),
(10, 'Ulaanbaatar Grand Slam 2025', 'Grand Slam', 'Ulaanbaatar', 'Mongolia', '2025', 3.0),
(11, 'OTP Group Sofia World Championships Cadets 2025 Individuals', 'World Championships', 'Sofia', 'Bulgaria', '2025', 4.0),
(12, 'OTP Group Sofia World Championships Cadets 2025 Mixed Teams', 'World Championships', 'Sofia', 'Bulgaria', '2025', 2.0),
(14, 'Lima World Championships Juniors 2025 Individuals', 'World Championships', 'Lima', 'Peru', '2025', 1.0),
(15, 'Lima World Championships Juniors 2025 Mixed Teams', 'World Championships', 'Lima', 'Peru', '2025', 3.0),
(16, 'Casablanca African Open 2025', '', 'Casablanca', 'Morocco', '2025', 4.0),
(17, 'Warsaw European Open 2025', '', 'Warsaw', 'Poland', '2025', 2.0),
(19, 'Tallinn European Open 2025', '', 'Tallinn', 'Estonia', '2025', 1.0),
(20, 'Montreal Panamerican Open 2025', '', 'Montreal', 'Canada', '2025', 3.0),
(42, 'Qingdao Grand Prix 2025', 'Grand Prix', 'Qingdao', 'China', '2025', 1.9),
(43, 'Qingdao Grand Prix 2025', 'Grand Prix', 'Qingdao', 'China', '2025', 1.9);

-- --------------------------------------------------------

--
-- Estructura de tabla para la tabla `judokas`
--

DROP TABLE IF EXISTS `judokas`;
CREATE TABLE IF NOT EXISTS `judokas` (
  `id` int NOT NULL AUTO_INCREMENT,
  `name` varchar(55) NOT NULL,
  `last_name` varchar(55) NOT NULL,
  `country` varchar(45) NOT NULL,
  `belt` enum('White','Yellow','Orange','Green','Blue','Brown','Black 1st Dan','Black 2nd Dan','Black 3rd Dan','Black 4th Dan','Black 5th Dan','Red-and-White 6th Dan','Red-and-White 7th Dan','Red-and-White 8th Dan','Red 9th Dan','Red 10th Dan') DEFAULT NULL,
  `especial_tecnique` int NOT NULL,
  PRIMARY KEY (`id`),
  KEY `tec_FK_idx` (`especial_tecnique`)
) ENGINE=InnoDB AUTO_INCREMENT=79 DEFAULT CHARSET=utf8mb4 COLLATE=utf8mb4_0900_ai_ci;

--
-- Volcado de datos para la tabla `judokas`
--

INSERT INTO `judokas` (`id`, `name`, `last_name`, `country`, `belt`, `especial_tecnique`) VALUES
(1, 'Hiroshi', 'Tanaka', 'Japan', 'Black 1st Dan', 1),
(2, 'Kenji', 'Yamamoto', 'Japan', 'Black 2nd Dan', 2),
(3, 'Takeshi', 'Suzuki', 'Japan', 'Black 3rd Dan', 3),
(4, 'Ryo', 'Sato', 'Japan', 'Black 4th Dan', 4),
(5, 'Akira', 'Watanabe', 'Japan', 'Black 1st Dan', 5),
(6, 'Lucas', 'Dupont', 'France', 'Blue', 6),
(7, 'Pierre', 'Martin', 'France', 'Blue', 7),
(9, 'Antoine', 'Lefevre', 'France', 'Blue', 9),
(10, 'Carlos', 'López', 'Spain', 'Brown', 10),
(11, 'Javier', 'García', 'Spain', 'Brown', 11),
(12, 'juan', 'Martínez', 'Spain', 'Brown', 13),
(13, 'Pablo', 'Ruiz', 'Spain', 'Brown', 13),
(14, 'Alejandro', 'Sánchez', 'Spain', 'Brown', 14),
(15, 'Mateo', 'Silva', 'Brazil', 'Green', 15),
(16, 'Thiago', 'Costa', 'Brazil', 'Green', 16),
(17, 'Rafael', 'Oliveira', 'Brazil', 'Green', 17),
(18, 'João', 'Pereira', 'Brazil', 'Green', 18),
(19, 'Bruno', 'Carvalho', 'Brazil', 'Green', 19),
(20, 'Min-Jun', 'Kim', 'South Korea', 'White', 20),
(21, 'Ji-Hoon', 'Park', 'South Korea', 'White', 21),
(22, 'Seung', 'Lee', 'South Korea', 'White', 22),
(23, 'Hyun', 'Choi', 'South Korea', 'White', 23),
(24, 'Jae', 'Yoon', 'South Korea', 'White', 24),
(25, 'Ivan', 'Petrov', 'Russia', 'Black 1st Dan', 25),
(26, 'Dmitry', 'Sokolov', 'Russia', 'Black 2nd Dan', 26),
(27, 'Alexei', 'Volkov', 'Russia', 'Black 3rd Dan', 27),
(28, 'Sergey', 'Ivanov', 'Russia', 'Blue', 28),
(29, 'Mikhail', 'Kuznetsov', 'Russia', 'Black 1st Dan', 29),
(30, 'John', 'Smith', 'USA', 'Blue', 1),
(31, 'Michael', 'Johnson', 'USA', 'Blue', 2),
(32, 'David', 'Brown', 'USA', 'Blue', 3),
(33, 'Robert', 'Davis', 'USA', 'Blue', 4),
(34, 'William', 'Miller', 'USA', 'Blue', 5),
(35, 'Thomas', 'Schmidt', 'Germany', 'Green', 6),
(36, 'Lukas', 'Fischer', 'Germany', 'Green', 7),
(37, 'Jan', 'Klein', 'Germany', 'Green', 8),
(38, 'Felix', 'Weber', 'Germany', 'Green', 9),
(39, 'Max', 'Schneider', 'Germany', 'Green', 10),
(40, 'Marco', 'Rossi', 'Italy', 'Yellow', 11),
(41, 'Lorenzo', 'Bianchi', 'Italy', 'Yellow', 12),
(42, 'Alessandro', 'Ferrari', 'Italy', 'Yellow', 13),
(43, 'Giovanni', 'Ricci', 'Italy', 'Yellow', 14),
(44, 'Francesco', 'Romano', 'Italy', 'Yellow', 15),
(45, 'Ethan', 'Taylor', 'UK', 'Orange', 16),
(46, 'Oliver', 'Walker', 'UK', 'Orange', 17),
(47, 'Jack', 'Robinson', 'UK', 'Orange', 18),
(48, 'Harry', 'Harris', 'UK', 'Orange', 19),
(49, 'James', 'Young', 'UK', 'Orange', 20),
(50, 'Liam', 'Wilson', 'Canada', 'Brown', 21),
(51, 'Tadahiro', 'Nomura', 'Japan', 'Black 1st Dan', 1),
(52, 'Yasuhiro', 'Yamashita', 'Japan', 'Black 1st Dan', 2),
(53, 'Shohei', 'Ono', 'Japan', 'Black 1st Dan', 3),
(54, 'Hifumi', 'Abe', 'Japan', 'Black 1st Dan', 4),
(55, 'Uta', 'Abe', 'Japan', 'Black 1st Dan', 5),
(56, 'Teddy', 'Riner', 'France', 'Black 1st Dan', 6),
(57, 'Clarisse', 'Agbégnénou', 'France', 'Black 1st Dan', 7),
(58, 'David', 'Douillet', 'France', 'Black 1st Dan', 8),
(59, 'Kayla', 'Harrison', 'USA', 'Black 1st Dan', 9),
(60, 'Ilias', 'Iliadis', 'Greece', 'Black 1st Dan', 10),
(61, 'Anton', 'Geesink', 'Netherlands', 'Black 1st Dan', 11),
(62, 'Daria', 'Bilodid', 'Ukraine', 'Black 1st Dan', 12),
(63, 'Sagi', 'Muki', 'Israel', 'Black 1st Dan', 13),
(64, 'Fabio', 'Basile', 'Italy', 'Black 1st Dan', 14),
(65, 'Nikoloz', 'Sherazadishvili', 'Spain', 'Black 1st Dan', 15),
(66, 'Jorge', 'Fonseca', 'Portugal', 'Black 1st Dan', 16),
(67, 'Rika', 'Koh', 'South Korea', 'Black 1st Dan', 17),
(68, 'Lukas', 'Krämer', 'Germany', 'Black 1st Dan', 18),
(69, 'Rafael', 'Macedo', 'Brazil', 'Black 1st Dan', 19),
(70, 'Artem', 'Vlasyuk', 'Russia', 'Black 1st Dan', 20),
(71, 'Haruka', 'Kajo', 'Japan', 'Black 1st Dan', 21),
(72, 'Eteri', 'Liparteliani', 'Georgia', 'Black 1st Dan', 22),
(73, 'Distria', 'Krasniqi', 'Kosovo', 'Black 1st Dan', 23),
(74, 'Joanne', 'van Lieshout', 'Netherlands', 'Black 1st Dan', 24),
(75, 'Metka', 'Mastnak', 'Slovenia', 'Black 1st Dan', 25);

-- --------------------------------------------------------

--
-- Estructura de tabla para la tabla `judoka_users`
--

DROP TABLE IF EXISTS `judoka_users`;
CREATE TABLE IF NOT EXISTS `judoka_users` (
  `idusers` int NOT NULL,
  `idjudoka` int NOT NULL,
  `id` int NOT NULL AUTO_INCREMENT,
  PRIMARY KEY (`id`),
  KEY `user_FK_idx` (`idusers`),
  KEY `judoka_FK_idx` (`idjudoka`)
) ENGINE=InnoDB AUTO_INCREMENT=582 DEFAULT CHARSET=utf8mb4 COLLATE=utf8mb4_0900_ai_ci;

--
-- Volcado de datos para la tabla `judoka_users`
--

INSERT INTO `judoka_users` (`idusers`, `idjudoka`, `id`) VALUES
(1, 1, 1),
(1, 2, 2),
(1, 3, 3),
(1, 4, 4),
(1, 5, 5),
(1, 6, 6),
(1, 7, 7),
(1, 9, 9),
(1, 10, 10),
(1, 11, 11),
(1, 12, 12),
(1, 13, 13),
(1, 14, 14),
(1, 15, 15),
(1, 16, 16),
(1, 17, 17),
(2, 18, 18),
(2, 19, 19),
(2, 20, 20),
(2, 21, 21),
(2, 22, 22),
(2, 23, 23),
(2, 24, 24),
(2, 25, 25),
(14, 10, 26),
(14, 11, 27),
(14, 12, 28),
(2, 26, 29),
(2, 27, 30),
(2, 28, 31),
(2, 29, 32),
(2, 30, 33),
(2, 31, 34),
(2, 32, 35),
(2, 33, 36),
(2, 34, 37),
(3, 35, 38),
(14, 13, 39),
(3, 36, 40),
(14, 14, 41),
(3, 37, 42),
(14, 15, 43),
(3, 38, 44),
(14, 16, 45),
(14, 17, 46),
(14, 18, 47),
(14, 19, 48),
(3, 39, 49),
(3, 40, 50),
(14, 20, 51),
(14, 21, 52),
(14, 22, 53),
(3, 41, 54),
(3, 42, 55),
(14, 23, 56),
(15, 24, 57),
(15, 25, 58),
(15, 26, 59),
(3, 43, 60),
(3, 44, 61),
(3, 45, 62),
(3, 46, 63),
(3, 47, 64),
(15, 27, 65),
(3, 48, 66),
(3, 49, 67),
(3, 50, 68),
(3, 51, 69),
(15, 28, 70),
(15, 29, 71),
(15, 30, 72),
(15, 31, 73),
(15, 32, 74),
(15, 33, 75),
(4, 52, 76),
(15, 34, 77),
(4, 53, 78),
(4, 54, 79),
(4, 55, 80),
(4, 56, 81),
(4, 57, 82),
(4, 58, 83),
(4, 59, 84),
(4, 60, 85),
(4, 61, 86),
(4, 62, 87),
(4, 63, 88),
(4, 64, 89),
(4, 65, 90),
(4, 66, 91),
(4, 67, 92),
(4, 68, 93),
(4, 69, 94),
(4, 70, 95),
(4, 71, 96),
(4, 72, 97),
(4, 73, 98),
(4, 74, 99),
(4, 75, 100),
(4, 1, 101),
(4, 2, 102),
(4, 3, 103),
(5, 4, 104),
(5, 5, 105),
(15, 35, 106),
(5, 6, 107),
(5, 7, 108),
(15, 36, 110),
(5, 9, 111),
(15, 37, 112),
(5, 10, 113),
(15, 38, 114),
(5, 11, 115),
(5, 12, 116),
(5, 13, 117),
(5, 14, 118),
(5, 15, 119),
(5, 16, 120),
(5, 17, 121),
(5, 18, 122),
(5, 19, 123),
(5, 20, 124),
(6, 21, 125),
(6, 22, 126),
(6, 23, 127),
(6, 24, 128),
(6, 25, 129),
(6, 26, 130),
(15, 39, 131),
(15, 40, 132),
(16, 41, 133),
(16, 42, 134),
(16, 43, 135),
(16, 44, 136),
(6, 27, 137),
(16, 45, 138),
(6, 28, 139),
(6, 29, 140),
(6, 30, 141),
(6, 31, 142),
(6, 32, 143),
(6, 33, 144),
(6, 34, 145),
(6, 35, 146),
(6, 36, 147),
(6, 37, 148),
(7, 38, 149),
(7, 39, 150),
(7, 40, 151),
(7, 41, 152),
(16, 46, 153),
(16, 47, 154),
(7, 42, 155),
(7, 43, 156),
(7, 44, 157),
(7, 45, 158),
(16, 48, 159),
(16, 49, 160),
(7, 46, 161),
(7, 47, 162),
(16, 50, 163),
(7, 48, 164),
(16, 51, 165),
(7, 49, 166),
(16, 52, 167),
(16, 53, 168),
(16, 54, 169),
(16, 55, 170),
(16, 56, 171),
(16, 57, 172),
(17, 58, 173),
(17, 59, 174),
(17, 60, 175),
(17, 61, 176),
(17, 62, 177),
(17, 63, 178),
(17, 64, 179),
(17, 65, 180),
(17, 66, 181),
(17, 67, 182),
(17, 68, 183),
(7, 50, 184),
(7, 51, 185),
(7, 52, 186),
(17, 69, 187),
(17, 70, 188),
(17, 71, 189),
(17, 72, 190),
(17, 73, 191),
(17, 74, 192),
(18, 75, 193),
(18, 1, 194),
(18, 2, 195),
(18, 3, 196),
(18, 4, 197),
(18, 5, 198),
(18, 6, 199),
(18, 7, 200),
(18, 9, 202),
(18, 10, 203),
(18, 11, 204),
(18, 12, 205),
(18, 13, 206),
(18, 14, 207),
(18, 15, 208),
(18, 16, 209),
(19, 17, 210),
(19, 18, 211),
(19, 19, 212),
(19, 20, 213),
(19, 21, 214),
(19, 22, 215),
(19, 23, 216),
(19, 24, 217),
(19, 25, 218),
(19, 26, 219),
(19, 27, 220),
(19, 28, 221),
(19, 29, 222),
(19, 30, 223),
(19, 31, 224),
(19, 32, 225),
(19, 33, 226),
(20, 34, 227),
(20, 35, 228),
(7, 53, 229),
(20, 36, 230),
(20, 37, 231),
(20, 38, 232),
(7, 54, 233),
(20, 39, 234),
(20, 40, 235),
(20, 41, 236),
(20, 42, 237),
(20, 43, 238),
(20, 44, 239),
(20, 45, 240),
(20, 46, 241),
(20, 47, 242),
(20, 48, 243),
(20, 49, 244),
(20, 50, 245),
(21, 51, 246),
(21, 52, 247),
(21, 53, 248),
(21, 54, 249),
(8, 55, 250),
(8, 56, 251),
(8, 57, 252),
(8, 58, 253),
(21, 55, 254),
(8, 59, 255),
(21, 56, 256),
(8, 60, 257),
(21, 57, 258),
(8, 61, 259),
(21, 58, 260),
(8, 62, 261),
(21, 59, 262),
(8, 63, 263),
(8, 64, 264),
(21, 60, 265),
(8, 65, 266),
(21, 61, 267),
(8, 66, 268),
(21, 62, 269),
(8, 67, 270),
(21, 63, 271),
(8, 68, 272),
(21, 64, 273),
(8, 69, 274),
(8, 70, 275),
(21, 65, 276),
(8, 71, 277),
(9, 72, 278),
(9, 73, 279),
(9, 74, 280),
(9, 75, 281),
(9, 1, 282),
(9, 2, 283),
(9, 3, 284),
(9, 4, 285),
(9, 5, 286),
(21, 66, 287),
(21, 67, 288),
(22, 68, 289),
(22, 69, 290),
(22, 70, 291),
(22, 71, 292),
(22, 72, 293),
(22, 73, 294),
(22, 74, 295),
(22, 75, 296),
(22, 1, 297),
(22, 2, 298),
(22, 3, 299),
(22, 4, 300),
(22, 5, 301),
(22, 6, 302),
(22, 7, 303),
(22, 9, 305),
(23, 10, 306),
(23, 11, 307),
(23, 12, 308),
(23, 13, 309),
(23, 14, 310),
(9, 6, 311),
(9, 7, 312),
(9, 9, 314),
(9, 10, 315),
(9, 11, 316),
(9, 12, 317),
(9, 13, 318),
(10, 14, 319),
(10, 15, 320),
(10, 16, 321),
(10, 17, 322),
(10, 18, 323),
(10, 19, 324),
(10, 20, 325),
(10, 21, 326),
(10, 22, 327),
(10, 23, 328),
(10, 24, 329),
(10, 25, 330),
(10, 26, 331),
(23, 15, 332),
(10, 27, 333),
(23, 16, 334),
(10, 28, 335),
(23, 17, 336),
(10, 29, 337),
(23, 18, 338),
(23, 19, 339),
(10, 30, 340),
(11, 31, 341),
(23, 20, 342),
(23, 21, 343),
(23, 22, 344),
(23, 23, 345),
(23, 24, 346),
(11, 32, 347),
(11, 33, 348),
(11, 34, 349),
(11, 35, 350),
(11, 36, 351),
(11, 37, 352),
(11, 38, 353),
(11, 39, 354),
(11, 40, 355),
(11, 41, 356),
(11, 42, 357),
(11, 43, 358),
(11, 44, 359),
(11, 45, 360),
(11, 46, 361),
(11, 47, 362),
(12, 48, 363),
(12, 49, 364),
(12, 50, 365),
(12, 51, 366),
(23, 25, 367),
(23, 26, 368),
(24, 27, 369),
(12, 52, 370),
(12, 53, 371),
(12, 54, 372),
(12, 55, 373),
(24, 28, 374),
(12, 56, 375),
(24, 29, 376),
(12, 57, 377),
(24, 30, 378),
(24, 31, 379),
(24, 32, 380),
(24, 33, 381),
(24, 34, 382),
(24, 35, 383),
(12, 58, 384),
(24, 36, 385),
(12, 59, 386),
(24, 37, 387),
(12, 60, 388),
(24, 38, 389),
(12, 61, 390),
(12, 62, 391),
(12, 63, 392),
(12, 64, 393),
(24, 39, 394),
(13, 65, 395),
(24, 40, 396),
(13, 66, 397),
(13, 67, 398),
(13, 68, 399),
(13, 69, 400),
(24, 41, 401),
(24, 42, 402),
(24, 43, 403),
(13, 70, 404),
(25, 44, 405),
(25, 45, 406),
(25, 46, 407),
(25, 47, 408),
(25, 48, 409),
(25, 49, 410),
(13, 71, 411),
(25, 50, 412),
(13, 72, 413),
(25, 51, 414),
(13, 73, 415),
(25, 52, 416),
(13, 74, 417),
(25, 53, 418),
(13, 75, 419),
(13, 1, 420),
(13, 2, 421),
(13, 3, 422),
(13, 4, 423),
(13, 5, 424),
(25, 54, 425),
(13, 6, 426),
(25, 55, 427),
(14, 7, 428),
(25, 56, 429),
(25, 57, 431),
(25, 58, 432),
(25, 59, 433),
(14, 9, 434),
(25, 60, 435),
(26, 61, 436),
(26, 62, 437),
(26, 63, 438),
(26, 64, 439),
(26, 65, 440),
(26, 66, 441),
(26, 67, 442),
(26, 68, 443),
(26, 69, 444),
(26, 70, 445),
(26, 71, 446),
(26, 72, 447),
(26, 73, 448),
(26, 74, 449),
(26, 75, 450),
(26, 1, 451),
(26, 2, 452),
(27, 3, 453),
(27, 4, 454),
(27, 5, 455),
(27, 6, 456),
(27, 7, 457),
(27, 9, 459),
(27, 10, 460),
(27, 11, 461),
(27, 12, 462),
(27, 13, 463),
(27, 14, 464),
(27, 15, 465),
(27, 16, 466),
(27, 17, 467),
(27, 18, 468),
(27, 19, 469),
(28, 20, 470),
(28, 21, 471),
(28, 22, 472),
(28, 23, 473),
(28, 24, 474),
(28, 25, 475),
(28, 26, 476),
(28, 27, 477),
(28, 28, 478),
(28, 29, 479),
(28, 30, 480),
(28, 31, 481),
(28, 32, 482),
(28, 33, 483),
(28, 34, 484),
(28, 35, 485),
(28, 36, 486),
(29, 37, 487),
(29, 38, 488),
(29, 39, 489),
(29, 40, 490),
(29, 41, 491),
(29, 42, 492),
(29, 43, 493),
(29, 44, 494),
(29, 45, 495),
(29, 46, 496),
(29, 47, 497),
(29, 48, 498),
(29, 49, 499),
(29, 50, 500),
(29, 51, 501),
(29, 52, 502),
(29, 53, 503),
(30, 54, 504),
(30, 55, 505),
(30, 56, 506),
(30, 57, 507),
(30, 58, 508),
(30, 59, 509),
(30, 60, 510),
(30, 61, 511),
(30, 62, 512),
(30, 63, 513),
(30, 64, 514),
(30, 65, 515),
(30, 66, 516),
(30, 67, 517),
(30, 68, 518),
(30, 69, 519),
(30, 70, 520),
(31, 71, 521),
(31, 72, 522),
(31, 73, 523),
(31, 74, 524),
(31, 75, 525),
(31, 1, 526),
(31, 2, 527),
(31, 3, 528),
(31, 4, 529),
(31, 5, 530),
(31, 6, 531),
(31, 7, 532),
(31, 9, 534),
(31, 10, 535),
(31, 11, 536),
(31, 12, 537),
(1, 18, 538),
(2, 35, 539),
(3, 52, 540),
(4, 4, 541),
(1, 2, 542),
(1, 1, 543),
(1, 3, 544),
(1, 4, 545),
(1, 6, 546),
(1, 7, 547),
(1, 9, 548),
(1, 10, 549),
(1, 11, 550),
(1, 12, 551),
(1, 4, 552),
(1, 3, 553),
(1, 5, 554),
(1, 2, 555),
(1, 6, 556),
(1, 10, 557),
(1, 11, 558),
(1, 12, 559),
(1, 13, 560),
(1, 3, 561),
(1, 2, 562),
(1, 4, 563),
(1, 1, 564),
(1, 5, 565),
(1, 9, 566),
(1, 3, 567),
(1, 1, 568),
(1, 4, 569),
(1, 3, 570),
(1, 5, 571),
(1, 71, 572),
(1, 72, 573),
(1, 1, 574),
(1, 1, 575),
(1, 5, 576),
(1, 3, 577),
(33, 4, 578),
(33, 10, 579),
(33, 13, 580),
(1, 11, 581);

-- --------------------------------------------------------

--
-- Estructura de tabla para la tabla `resultados_judokas`
--

DROP TABLE IF EXISTS `resultados_judokas`;
CREATE TABLE IF NOT EXISTS `resultados_judokas` (
  `id` int NOT NULL AUTO_INCREMENT,
  `judoka_id` int NOT NULL,
  `competicion_id` int NOT NULL,
  `posicion` int DEFAULT NULL,
  PRIMARY KEY (`id`),
  KEY `judoka_id` (`judoka_id`),
  KEY `competicion_id` (`competicion_id`)
) ENGINE=InnoDB AUTO_INCREMENT=101 DEFAULT CHARSET=utf8mb4 COLLATE=utf8mb4_0900_ai_ci;

--
-- Volcado de datos para la tabla `resultados_judokas`
--

INSERT INTO `resultados_judokas` (`id`, `judoka_id`, `competicion_id`, `posicion`) VALUES
(1, 1, 1, 1),
(2, 2, 1, 2),
(3, 3, 1, 3),
(4, 4, 1, 4),
(5, 5, 1, 5),
(6, 6, 1, 6),
(7, 7, 1, 7),
(9, 9, 1, 9),
(10, 10, 1, 10),
(11, 11, 2, 1),
(12, 12, 2, 2),
(13, 13, 2, 3),
(14, 14, 2, 4),
(15, 15, 2, 5),
(16, 16, 2, 6),
(17, 17, 2, 7),
(18, 18, 2, 8),
(19, 19, 2, 9),
(20, 20, 2, 10),
(21, 21, 3, 1),
(22, 22, 3, 2),
(23, 23, 3, 3),
(24, 24, 3, 4),
(25, 25, 3, 5),
(26, 26, 3, 6),
(27, 27, 3, 7),
(28, 28, 3, 8),
(29, 29, 3, 9),
(30, 30, 3, 10),
(31, 31, 4, 1),
(32, 32, 4, 2),
(33, 33, 4, 3),
(34, 34, 4, 4),
(35, 35, 4, 5),
(36, 36, 4, 6),
(37, 37, 4, 7),
(38, 38, 4, 8),
(39, 39, 4, 9),
(40, 40, 4, 10),
(41, 41, 5, 1),
(42, 42, 5, 2),
(43, 43, 5, 3),
(44, 44, 5, 4),
(45, 45, 5, 5),
(46, 46, 5, 6),
(47, 47, 5, 7),
(48, 48, 5, 8),
(49, 49, 5, 9),
(50, 50, 5, 10),
(51, 51, 6, 1),
(52, 52, 6, 2),
(53, 53, 6, 3),
(54, 54, 6, 4),
(55, 55, 6, 5),
(56, 56, 6, 6),
(57, 57, 6, 7),
(58, 58, 6, 8),
(59, 59, 6, 9),
(60, 60, 6, 10),
(61, 61, 7, 1),
(62, 62, 7, 2),
(63, 63, 7, 3),
(64, 64, 7, 4),
(65, 65, 7, 5),
(66, 66, 7, 6),
(67, 67, 7, 7),
(68, 68, 7, 8),
(69, 69, 7, 9),
(70, 70, 7, 10),
(71, 71, 8, 1),
(72, 72, 8, 2),
(73, 73, 8, 3),
(74, 74, 8, 4),
(75, 75, 8, 5),
(76, 1, 8, 6),
(77, 2, 8, 7),
(78, 3, 8, 8),
(79, 4, 8, 9),
(80, 5, 8, 10),
(81, 6, 9, 1),
(82, 7, 9, 2),
(84, 9, 9, 4),
(85, 10, 9, 5),
(86, 11, 9, 6),
(87, 12, 9, 7),
(88, 13, 9, 8),
(89, 14, 9, 9),
(90, 15, 9, 10),
(91, 16, 10, 1),
(92, 17, 10, 2),
(93, 18, 10, 3),
(94, 19, 10, 4),
(95, 20, 10, 5),
(96, 21, 10, 6),
(97, 22, 10, 7),
(98, 23, 10, 8),
(99, 24, 10, 9),
(100, 25, 10, 10);

-- --------------------------------------------------------

--
-- Estructura de tabla para la tabla `tecnique`
--

DROP TABLE IF EXISTS `tecnique`;
CREATE TABLE IF NOT EXISTS `tecnique` (
  `id` int NOT NULL AUTO_INCREMENT,
  `name` varchar(55) NOT NULL,
  `group` enum('Te Waza (Hand techniques)','Koshi Waza (Hip techniques)','Ashi Waza (Foot/Leg techniques)','Sutemi Waza (Sacrifice techniques)') NOT NULL,
  PRIMARY KEY (`id`)
) ENGINE=InnoDB AUTO_INCREMENT=30 DEFAULT CHARSET=utf8mb4 COLLATE=utf8mb4_0900_ai_ci;

--
-- Volcado de datos para la tabla `tecnique`
--

INSERT INTO `tecnique` (`id`, `name`, `group`) VALUES
(1, 'Seoi-nage', 'Te Waza (Hand techniques)'),
(2, 'Ippon-seoi-nage', 'Te Waza (Hand techniques)'),
(3, 'Tai-otoshi', 'Te Waza (Hand techniques)'),
(4, 'Sumi-otoshi', 'Te Waza (Hand techniques)'),
(5, 'Morote-gari', 'Te Waza (Hand techniques)'),
(6, 'Kibisu-gaeshi', 'Te Waza (Hand techniques)'),
(7, 'Sukui-nage', 'Te Waza (Hand techniques)'),
(8, 'Uki-otoshi', 'Te Waza (Hand techniques)'),
(9, 'Harai-goshi', 'Koshi Waza (Hip techniques)'),
(10, 'Uki-goshi', 'Koshi Waza (Hip techniques)'),
(11, 'O-goshi', 'Koshi Waza (Hip techniques)'),
(12, 'Tsurikomi-goshi', 'Koshi Waza (Hip techniques)'),
(13, 'Harai-tsurikomi-goshi', 'Koshi Waza (Hip techniques)'),
(14, 'Sode-tsurikomi-goshi', 'Koshi Waza (Hip techniques)'),
(15, 'Tsuri-goshi', 'Koshi Waza (Hip techniques)'),
(16, 'O-soto-gari', 'Ashi Waza (Foot/Leg techniques)'),
(17, 'De-ashi-harai', 'Ashi Waza (Foot/Leg techniques)'),
(18, 'Ko-soto-gake', 'Ashi Waza (Foot/Leg techniques)'),
(19, 'Ko-uchi-gari', 'Ashi Waza (Foot/Leg techniques)'),
(20, 'O-uchi-gari', 'Ashi Waza (Foot/Leg techniques)'),
(21, 'Ko-soto-gari', 'Ashi Waza (Foot/Leg techniques)'),
(22, 'Sasae-tsurikomi-ashi', 'Ashi Waza (Foot/Leg techniques)'),
(23, 'Hiza-guruma', 'Ashi Waza (Foot/Leg techniques)'),
(24, 'Okuri-ashi-harai', 'Ashi Waza (Foot/Leg techniques)'),
(25, 'Tomoe-nage', 'Sutemi Waza (Sacrifice techniques)'),
(26, 'Ura-nage', 'Sutemi Waza (Sacrifice techniques)'),
(27, 'Yoko-gake', 'Sutemi Waza (Sacrifice techniques)'),
(28, 'Sumigaeshi', 'Sutemi Waza (Sacrifice techniques)'),
(29, 'Tani-otoshi', 'Sutemi Waza (Sacrifice techniques)');

-- --------------------------------------------------------

--
-- Estructura de tabla para la tabla `users`
--

DROP TABLE IF EXISTS `users`;
CREATE TABLE IF NOT EXISTS `users` (
  `id` int NOT NULL AUTO_INCREMENT,
  `name` varchar(45) NOT NULL,
  `last_name` varchar(55) NOT NULL,
  `password` varchar(45) NOT NULL,
  `nickname` varchar(45) NOT NULL,
  `admin` tinyint NOT NULL,
  PRIMARY KEY (`id`),
  UNIQUE KEY `nickname_UNIQUE` (`nickname`)
) ENGINE=InnoDB AUTO_INCREMENT=34 DEFAULT CHARSET=utf8mb4 COLLATE=utf8mb4_0900_ai_ci;

--
-- Volcado de datos para la tabla `users`
--

INSERT INTO `users` (`id`, `name`, `last_name`, `password`, `nickname`, `admin`) VALUES
(1, 'admin', 'admin', '0000', 'admin', 1),
(2, 'Pérez', 'Juan', 'miClaveSegura123', 'JPerez01', 0),
(3, 'Gómez', 'Ana', 'PassWord!45', 'AnGo22', 0),
(4, 'Ruiz', 'Carlos', 'carlitos_11', 'ElCarleto', 0),
(5, 'Soto', 'Luisa', 'admin_111', 'LuiSoto', 0),
(6, 'Fernández', 'David', 'davidsenpai', 'SenseiDave', 0),
(7, 'Martínez', 'Elena', 'elenaM_78', 'EMartinez', 0),
(8, 'Rodríguez', 'Pablo', 'pabloR4z', 'PabRod', 0),
(9, 'López', 'Sofía', 'sofiaL1!', 'SofiLo', 0),
(10, 'Díaz', 'Javier', 'javD1Az', 'JDiaz', 0),
(11, 'Hernández', 'Laura', 'lauraH_2024', 'LauHdez', 0),
(12, 'Torres', 'Miguel', 'miguelT-007', 'MickyT', 0),
(13, 'Ramírez', 'Isabel', 'isabelR*', 'IsaRam', 0),
(14, 'Vázquez', 'Jorge', 'jorgeV77', 'JVaz', 0),
(15, 'Morales', 'Patricia', 'patMora_05', 'PatM', 0),
(16, 'Castro', 'Ricardo', 'ricardoC_x', 'RickC', 0),
(17, 'Jiménez', 'Andrea', 'andreaJ-12', 'AndiJ', 0),
(18, 'Herrera', 'Roberto', 'robertH_0', 'RobHerr', 0),
(19, 'Flores', 'Gabriela', 'gabyF44', 'GabFlr', 0),
(20, 'Rivera', 'Santiago', 'santiR-99', 'SantiRiv', 0),
(21, 'Mendoza', 'Valeria', 'valMendoza$', 'ValMen', 0),
(22, 'Ortega', 'Felipe', 'felipeO_66', 'FeliOrt', 0),
(23, 'Guerrero', 'Nuria', 'nuriaG_abc', 'NuriaG', 0),
(24, 'Silva', 'Alejandro', 'aleS_1990', 'AlexSilv', 0),
(25, 'Rojas', 'Mónica', 'monicaR_01', 'MoniRoj', 0),
(26, 'Navarro', 'Adrián', 'adriann_N', 'AdriNav', 0),
(27, 'Chávez', 'Beatriz', 'beatrizC!', 'BeaChav', 0),
(28, 'Molina', 'Esteban', 'estebanM_22', 'EstMoli', 0),
(29, 'Velásquez', 'Claudia', 'clauV_40', 'ClaVels', 0),
(30, 'Paredes', 'Héctor', 'hectorP_55', 'HecPar', 0),
(31, 'Ríos', 'Diana', 'dianaRios_9', 'DiRios', 0),
(32, 'asdfgas', 'fAGSD', '0000', 'ADFSBG', 0),
(33, 'sadf', 'sdafsg', '0000', 'a', 0);

--
-- Restricciones para tablas volcadas
--

--
-- Filtros para la tabla `judokas`
--
ALTER TABLE `judokas`
  ADD CONSTRAINT `tec_FK` FOREIGN KEY (`especial_tecnique`) REFERENCES `tecnique` (`id`);

--
-- Filtros para la tabla `judoka_users`
--
ALTER TABLE `judoka_users`
  ADD CONSTRAINT `judoka_FK` FOREIGN KEY (`idjudoka`) REFERENCES `judokas` (`id`),
  ADD CONSTRAINT `user_FK` FOREIGN KEY (`idusers`) REFERENCES `users` (`id`);

--
-- Filtros para la tabla `resultados_judokas`
--
ALTER TABLE `resultados_judokas`
  ADD CONSTRAINT `resultados_judokas_ibfk_1` FOREIGN KEY (`judoka_id`) REFERENCES `judokas` (`id`),
  ADD CONSTRAINT `resultados_judokas_ibfk_2` FOREIGN KEY (`competicion_id`) REFERENCES `competitions` (`id`);
COMMIT;

/*!40101 SET CHARACTER_SET_CLIENT=@OLD_CHARACTER_SET_CLIENT */;
/*!40101 SET CHARACTER_SET_RESULTS=@OLD_CHARACTER_SET_RESULTS */;
/*!40101 SET COLLATION_CONNECTION=@OLD_COLLATION_CONNECTION */;
